{"cameraMode":{"drawMode":0,"name":"Shaded","section":"Shading Mode"},"sceneLighting":true,"audioPlay":false,"sceneViewState":{"m_AlwaysRefresh":false,"showFog":true,"showSkybox":true,"showFlares":true,"showImageEffects":true,"showParticleSystems":true,"showVisualEffectGraphs":true,"m_FxEnabled":true},"in2DMode":false,"pivot":{"x":36.499629974365237,"y":9.663546562194825,"z":-10.175813674926758},"rotation":{"x":0.024060111492872239,"y":-0.8162105679512024,"z":-0.034029629081487659,"w":-0.5761854648590088},"size":32.449859619140628,"orthographic":false}